Periodo,TRM,Tasa,Flujos_Financieros,TRM_Var,Tasa_Var,Volatilidad_TRM,Volatilidad_Tasa,Score_Riesgo,Riesgo_Label
1991-11,694.1775,,,,,,,0.0,0
1991-12,630.4125806451614,,,-9.185679362243615,,,,0.0,0
1992-01,644.058064516129,,,2.164532290425236,,8.025811627504716,,3.2103246510018866,2
1992-02,635.671724137931,,,-1.3021093656359173,,5.816579533588036,,2.3266318134352146,2
1992-03,640.501935483871,,,0.7598593995179481,,1.7436754997446449,,0.697470199897858,1
1992-04,649.955,,,1.4758838330422464,,1.4423159842059632,,0.5769263936823853,1
1992-05,659.7712903225806,,,1.5103030706095977,,0.4236825416905199,,0.16947301667620795,0
1992-06,677.1653333333333,,,2.636374644651207,,0.6602980132243449,,0.264119205289738,0
1992-07,704.7722580645161,,,4.076836685553342,,1.286472106044324,,0.5145888424177296,0
1992-08,694.1745161290322,,,-1.5037115627377307,,2.8970606784404955,,1.1588242713761983,2
1992-09,697.5033333333333,,,0.4795360715434738,,2.828909143054449,,1.1315636572217798,2
1992-10,707.8048387096775,,,1.476911275407633,,1.5172420692075255,,0.6068968276830102,1
1992-11,722.5673333333333,,,2.0856730296684223,,0.8108662136863906,,0.32434648547455625,0
1992-12,733.8293548387096,,,1.5586120470493237,,0.3304187164132151,,0.13216748656528604,0
1993-01,745.1825806451612,,,1.5471206938767024,,0.3076697225337244,,0.12306788901348975,0
1993-02,749.7317857142858,,,0.6104819392297012,,0.5441162420626805,,0.2176464968250722,0
1993-03,764.7003225806451,,,1.996518908705247,,0.7071479563418503,,0.28285918253674014,0
1993-04,771.472,,,0.8855334853923535,,0.7338301852396506,,0.29353207409586024,0
1993-05,779.4458064516128,,,1.0335833901441438,,0.6032484560026233,,0.24129938240104934,0
1993-06,784.4903333333333,,,0.6471940499218842,,0.19494494224216166,,0.07797797689686467,0
1993-07,794.9967741935483,,,1.339269639636309,,0.3468211420037129,,0.13872845680148516,0
1993-08,804.6377419354839,,,1.2127052655924953,,0.36850827618588,,0.147403310474352,0
1993-09,809.687,,,0.6275194166719844,,0.3797036999301114,,0.15188147997204457,0
1993-10,814.4812903225805,,,0.5921164996573358,,0.3485269623034681,,0.13941078492138723,0
1993-11,813.9426666666666,,,-0.06613088137367162,,0.3906604913788449,,0.15626419655153798,0
1993-12,803.2761290322582,,,-1.3104777610554619,,0.9662257924958391,,0.38649031699833564,0
1994-01,815.741935483871,,,1.5518706458551135,,1.4352332273671298,,0.5740932909468519,1
1994-02,817.5917857142857,,,0.2267690491255081,,1.4324838800495239,,0.5729935520198096,1
1994-03,819.7996774193549,,,0.27004817607607645,,0.7528652124290893,,0.30114608497163575,0
1994-04,829.3456666666666,,,1.164429495430097,,0.5293074311152841,,0.21172297244611366,0
1994-05,841.406129032258,,,1.4542141896110916,,0.617271180411876,,0.24690847216475043,0
1994-06,831.1583333333333,,,-1.2179368969787774,,1.4662898887000635,,0.5865159554800254,1
1994-07,818.8612903225807,,,-1.479506673708697,,1.623552087324773,,0.6494208349299093,1
1994-08,814.6725806451612,,,-0.5115285979349848,,0.5007349578760981,,0.20029398315043925,0
1994-09,829.7623333333333,,,1.85224752209312,,1.7139138991421903,,0.6855655596568762,1
1994-10,839.0467741935485,,,1.1189277323444546,,1.2099299776295906,,0.4839719910518363,0
1994-11,829.5206666666667,,,-1.1353488053199245,,1.5569870711234268,,0.6227948284493707,1
1994-12,829.4448387096775,,,-0.00914117755425048,,1.1271383968988118,,0.45085535875952476,0
1995-01,846.3203225806452,,,2.0345516764225025,,1.606927356083866,,0.6427709424335464,1
1995-02,850.5217857142858,,,0.49643888035550976,,1.0644311978530054,,0.4257724791412022,0
1995-03,865.421935483871,,,1.7518833755765462,,0.8187218923734082,,0.3274887569493633,0
1995-04,872.987,,,0.874147534970815,,0.6441046646619835,,0.2576418658647934,0
1995-05,876.7632258064516,,,0.4325638075311167,,0.6715678815095024,,0.268627152603801,0
1995-06,874.5229999999999,,,-0.25551092250603036,,0.5692936051230789,,0.22771744204923158,0
1995-07,892.3222580645162,,,2.0353104566164903,,1.175450711168195,,0.47018028446727805,0
1995-08,935.6635483870967,,,4.857134284265152,,2.560914332670101,,1.0243657330680405,2
1995-09,963.3696666666667,,,2.9611197665368127,,1.4384414971337045,,0.5753765988534818,1
1995-10,985.1025806451613,,,2.255926746551218,,1.3452663243841858,,0.5381065297536743,1
1995-11,1000.4346666666667,,,1.5563948691986962,,0.7023643499009059,,0.2809457399603624,0
1995-12,987.1238709677419,,,-1.3305012453511567,,1.9011391218922882,,0.7604556487569153,1
1996-01,1010.2216129032257,,,2.3399030876276594,,1.9330426048114941,,0.7732170419245977,1
1996-02,1029.086896551724,,,1.8674401148756292,,1.9967439400025107,,0.7986975760010043,1
1996-03,1044.9693548387097,,,1.5433544378229636,,0.40057095463809594,,0.16022838185523838,0
1996-04,1050.6966666666667,,,0.5480841903580114,,0.6875432649561491,,0.27501730598245966,0
1996-05,1065.7687096774193,,,1.4344809009976922,,0.5459113849247325,,0.218364553969893,0
1996-06,1071.612,,,0.548270020457764,,0.5117077434032415,,0.20468309736129664,0
1996-07,1063.9667741935484,,,-0.7134322689977046,,1.0794129097063365,,0.4317651638825346,0
1996-08,1045.032258064516,,,-1.7796153590777353,,1.1653103584485482,,0.4661241433794193,0
1996-09,1040.1243333333334,,,-0.4696433716096515,,0.6966833350494044,,0.27867333401976174,0
1996-10,1015.4645161290323,,,-2.3708528311488175,,0.9729838783670647,,0.3891935513468259,0
1996-11,998.6633333333334,,,-1.654531746687249,,0.960179997576794,,0.3840719990307176,0
1996-12,1001.6054838709678,,,0.29460884758971684,,1.3794292849536365,,0.5517717139814546,1
1997-01,1024.2951612903225,,,2.2653307898899078,,1.9599411698561644,,0.7839764679424658,1
1997-02,1072.9489285714285,,,4.749975311785715,,2.2326178096699483,,0.8930471238679794,1
1997-03,1062.0135483870968,,,-1.0191892543190861,,2.8938091998781554,,1.1575236799512623,2
1997-04,1060.2493333333334,,,-0.1661198255373142,,3.113919787029749,,1.2455679148118997,2
1997-05,1074.5312903225806,,,1.3470375825982206,,1.1983601459122655,,0.47934405836490623,0
1997-06,1082.2126666666668,,,0.714858321322609,,0.7599800935361376,,0.3039920374144551,0
1997-07,1102.5145161290322,,,1.8759574793092426,,0.5813143341029091,,0.23252573364116366,0
1997-08,1133.5967741935483,,,2.819215312796697,,1.0540560502710943,,0.42162242010843776,0
1997-09,1222.8273333333334,,,7.871454927459953,,3.2238912852635573,,1.289556514105423,2
1997-10,1262.6687096774194,,,3.2581359001423005,,2.798823825996069,,1.1195295303984276,2
1997-11,1294.5563333333334,,,2.525414893987543,,2.898267774613002,,1.1593071098452008,2
1997-12,1295.568064516129,,,0.07815273516837973,,1.6652459816478673,,0.6660983926591469,1
1998-01,1321.4306451612904,,,1.9962348064530788,,1.287644003028723,,0.5150576012114892,1
1998-02,1346.2875000000001,29.4375,,1.8810563331286945,,1.0756987106403118,,0.4302794842561247,0
1998-03,1357.1190322580646,30.0,,0.804548230453328,0.5625,0.6572991038156387,,0.2629196415262555,0
1998-04,1359.9293333333335,30.0,,0.20707845137157843,0.0,0.8483358003225826,0.397747564417433,0.45865858945426297,0
1998-05,1385.3558064516128,30.258064516129032,,1.86969076223662,0.25806451612903203,0.8421973686107962,0.28156837781868127,0.42134946078992286,0
1998-06,1384.4959999999999,32.0,,-0.062063943978063474,1.741935483870968,1.0462945386933438,0.9401072255653505,0.7005499831469426,1
1998-07,1371.6903225806452,32.0,,-0.9249342301714591,0.0,1.430975787354553,0.9401072255653505,0.8544224826114264,1
1998-08,1390.71,32.0,,1.38658683423325,0.0,1.1680656259527533,1.0057069205238645,0.7689383265382607,1
1998-09,1523.4763333333333,32.0,,9.54665842147775,0.0,5.501274861372519,0.0,2.2005099445490077,2
1998-10,1588.0070967741935,32.0,,4.23575752566292,0.0,4.1414613013408585,0.0,1.6565845205363434,2
1998-11,1562.165,30.2,,-1.6273287963692429,-1.8000000000000007,5.589267094014136,1.039230484541327,2.547475982968052,2
1998-12,1520.4787096774194,26.64516129032258,,-2.668494705910107,-3.554838709677419,3.722197078518093,1.777467165604067,2.0221189810884574,2
1999-01,1567.9696774193549,26.0,,3.123422080142846,-0.6451612903225801,3.087608578345393,1.4651128527099406,1.6745772871511395,2
1999-02,1566.8532142857143,24.5,,-0.07120438294943021,-1.5,2.9010875925244703,1.4955118425394898,1.6090885897716352,2
1999-03,1549.2025806451613,22.35483870967742,,-1.126502053901679,-2.14516129032258,2.2128844885556336,0.7524385146634522,1.1108853498212892,2
1999-04,1570.6273333333334,19.6,,1.3829535888876254,-2.7548387096774185,1.2599997489749446,0.6275029659301445,0.6922507893690212,1
1999-05,1642.1783870967743,18.548387096774192,,4.555571665214075,-1.0516129032258092,2.847479436004948,0.8629921570091531,1.3978894215047253,2
1999-06,1691.6146666666668,18.0,,3.0104086108021066,-0.5483870967741922,1.5864869035759332,1.1563335072637178,0.9814948136094885,1
1999-07,1814.6454838709678,17.806451612903224,,7.272981230810305,-0.1935483870967758,2.1579839724751264,0.43116536580221665,0.9925431987307156,1
1999-08,1878.996129032258,16.516129032258064,,3.546182752127347,-1.2903225806451601,2.3218385736333307,0.5596565023515288,1.096632380158791,2
1999-09,1975.9579999999999,16.0,,5.160301794643951,-0.5161290322580641,1.8689489730919406,0.5636706418099395,0.9166807817797581,1
1999-10,1978.5474193548387,15.580645161290322,,0.13104627501387967,-0.41935483870967794,2.5678119259548335,0.47737576086931194,1.170337498642727,2
1999-11,1945.4256666666665,14.0,,-1.6740439154585673,-1.580645161290322,3.5416578736204425,0.6443543340463914,1.6099694496620947,2
1999-12,1887.4735483870968,12.387096774193548,,-2.978891420655827,-1.612903225806452,1.5616599116808745,0.679974699086553,0.8286563743983157,1
2000-01,1921.8867741935483,12.0,,1.8232428123752253,-0.38709677419354804,2.483080568586481,0.6985938008937969,1.2028103677027315,2
2000-02,1949.873448275862,12.0,,1.4562082666944587,0.0,2.672867273999539,0.8420116967936289,1.3217504186379043,2
2000-03,1956.305806451613,12.0,,0.32988593087610596,0.0,0.7781849755903304,0.22349042678307438,0.37832111827105447,0
2000-04,1987.9503333333334,12.0,,1.617565453078007,0.0,0.701517010682208,0.0,0.2806068042728832,0
2000-05,2055.5287096774196,12.0,,3.399399633429101,0.0,1.5413720061645373,0.0,0.616548802465815,1
2000-06,2119.7463333333335,12.0,,3.124141412064829,0.0,0.9592072468878602,0.0,0.3836828987551441,0
2000-07,2160.2390322580645,12.0,,1.9102615387500466,0.0,0.7923387007557324,0.0,0.316935480302293,0
2000-08,2187.2670967741933,12.0,,1.2511608258404916,0.0,0.9500854674685716,0.0,0.38003418698742863,0
2000-09,2214.1366666666668,12.0,,1.2284539886372903,0.0,0.3872533377528624,0.0,0.15490133510114498,0
2000-10,2176.5735483870967,12.0,,-1.6965130854420307,0.0,1.695323443680659,0.0,0.6781293774722637,1
2000-11,2135.2866666666664,12.0,,-1.8968751022002017,0.0,1.749440827247505,0.0,0.699776330899002,1
2000-12,2187.340322580645,12.0,,2.4377830258846656,0.0,2.4468282313116645,0.0,0.9787312925246658,1
2001-01,2242.312903225806,12.0,,2.513215711229777,0.0,2.52467331748387,0.0,1.009869326993548,2
2001-02,2243.5882142857145,12.0,,0.05687480360450081,0.0,1.3969028066531697,0.0,0.5587611226612679,1
2001-03,2279.4045161290323,11.67741935483871,,1.5963848274501924,-0.32258064516129004,1.241254784310804,0.1862420223192262,0.5523745204200895,1
2001-04,2323.1940000000004,11.5,,1.9210931434554324,-0.17741935483870996,0.995894624834112,0.1615589161431818,0.44682552477659937,0
2001-05,2347.995161290323,11.5,,1.067545856709451,0.0,0.4308226855231924,0.1615589161431818,0.2207967490522315,0
2001-06,2304.7786666666666,11.5,,-1.840570003556008,0.0,1.9721304241446997,0.10243311227556433,0.8195821033405493,1
2001-07,2304.4187096774194,11.46774193548387,,-0.015617854957317157,-0.03225806451612989,1.4697410105000466,0.01862420223184106,0.5934836648695709,1
2001-08,2288.001935483871,10.516129032258064,,-0.7124041357851385,-0.951612903225806,0.9209342802310424,0.5403426412581579,0.5304765044698644,1
2001-09,2327.7383333333332,9.766666666666667,,1.7367292060904038,-0.7494623655913966,1.261908968573598,0.48312527167834113,0.6497011689329416,1
2001-10,2320.004838709677,9.370967741935484,,-0.33223212905471033,-0.3956989247311835,1.3180405840560785,0.28138163984194364,0.6116307255750145,1
2001-11,2310.336333333333,8.95,,-0.41674505220952174,-0.4209677419354847,1.219644403208439,0.19735577138043067,0.5470644926975049,1
2001-12,2306.130322580645,8.629032258064516,,-0.1820518810185412,-0.3209677419354833,0.11886787180452732,0.05199881858423234,0.06314679429708063,0
2002-01,2276.9667741935486,8.32258064516129,,-1.2646097274529255,-0.306451612903226,0.5694861547930584,0.06234936755974412,0.2464992721851466,0
2002-02,2285.9585714285718,8.0,,0.39490243498208066,-0.32258064516129004,0.8424951425080619,0.008883178301940109,0.3396630104938068,0
2002-03,2280.2490322580647,7.661290322580645,,-0.24976564500637233,-0.338709677419355,0.836608835548058,0.016129032257991067,0.3394822438966205,0
2002-04,2263.599,6.716666666666667,,-0.7301848185229387,-0.9446236559139782,0.5645382838564891,0.3545723720772722,0.3321870251657773,0
2002-05,2308.6022580645163,6.056451612903226,,1.9881285538876803,-0.6602150537634408,1.4507584578622066,0.3031461994182969,0.6712472429703716,1
2002-06,2361.138,5.516666666666667,,2.275651500901188,-0.5397849462365594,1.658661559554113,0.20788059258038272,0.7258288015957601,1
2002-07,2506.2909677419357,5.25,,6.147585094218799,-0.2666666666666666,2.3229154779796337,0.2016504146704615,0.989661315592992,1
2002-08,2645.796451612903,5.25,,5.566212609250876,0.0,2.087967756979769,0.2698988989510454,0.9161567724772213,1
2002-09,2755.7533333333336,5.25,,4.155908579187928,0.0,1.0241847785771803,0.1539600717838911,0.45586193296603944,0
2002-10,2830.1051612903225,5.25,,2.69805817007045,0.0,1.4341429008044142,0.0,0.5736571603217657,1
2002-11,2731.3323333333333,5.25,,-3.4900762455044587,0.0,4.059544705588155,0.0,1.623817882235262,2
2002-12,2814.19,5.25,,3.0335988651204016,0.0,3.6734164854225173,0.0,1.469366594169007,2
2003-01,2905.504838709677,5.637096774193548,,3.2448000564879065,0.38709677419354804,3.828870627555853,0.22349042678307354,1.5985953790572633,2
2003-02,2950.542142857143,6.25,,1.5500681171629616,0.612903225806452,0.9235426149289081,0.30996850119138303,0.4624075963289782,0
2003-03,2958.6390322580646,6.25,,0.2744203949271773,0.0,1.4901089888118422,0.30996850119138303,0.6890341458821517,1
2003-04,2925.6583333333333,6.316666666666666,,-1.1147253370601296,0.06666666666666643,1.3327995054029538,0.33627101847300966,0.6340011077030844,1
2003-05,2856.165483870968,7.25,,-2.3752893039697187,0.9333333333333336,1.3253747185731837,0.520683311727107,0.6863548809474056,1
2003-06,2827.413333333333,7.25,,-1.0066696310140566,0.0,0.7609004927804532,0.520683311727107,0.4605651906303134,0
2003-07,2859.199677419355,7.25,,1.1242199260816266,0.0,1.7635369273591102,0.5388602512436476,0.8670728463167384,1
2003-08,2865.2306451612903,7.25,,0.21093202372557407,0.0,1.0690602482830471,0.0,0.4276240993132189,0
2003-09,2840.675333333333,7.25,,-0.8570099537859366,0.0,0.9916204496346015,0.0,0.3966481798538406,0
2003-10,2873.949677419355,7.25,,1.17135329390059,0.0,1.0146564729093652,0.0,0.4058625891637461,0
2003-11,2846.5413333333336,7.25,,-0.9536821156392872,0.0,1.1999568369488103,0.0,0.47998273477952413,0
2003-12,2806.5535483870967,7.25,,-1.4047849745926766,0.0,1.3757275444620647,0.0,0.5502910177848259,1
2004-01,2750.816774193548,7.25,,-1.985950855118379,0.0,0.5174981997631957,0.0,0.20699927990527828,0
2004-02,2718.254827586207,7.189655172413793,,-1.1837192107019723,-0.060344827586207295,0.4143668792979733,0.03484010245105583,0.17619878245450607,0
2004-03,2670.924193548387,6.92741935483871,,-1.741214015606074,-0.26223581757508274,0.411151267664466,0.1373372334039781,0.20566167708697985,0
2004-04,2641.5686666666666,6.75,,-1.0990775010623177,-0.17741935483870996,0.3488801083027881,0.10137410017782279,0.16996427337446207,0
2004-05,2719.518064516129,6.75,,2.95087532014926,0.0,2.5439522889937414,0.133815223250664,1.0577254825726958,2
2004-06,2716.4603333333334,6.75,,-0.112436509346725,0.0,2.1118498078423733,0.10243311227556486,0.8754698568196188,1
2004-07,2651.1306451612904,6.75,,-2.4049564563999315,0.0,2.6871441187954224,0.0,1.074857647518169,2
2004-08,2599.3706451612907,6.75,,-1.9523745498725043,0.0,1.214210997776382,0.0,0.48568439911055283,0
2004-09,2553.4156666666668,6.75,,-1.7679271165183308,0.0,0.3277848933007106,0.0,0.13111395732028425,0
2004-10,2580.2351612903226,6.75,,1.0503379835006266,0.0,1.6829003529488364,0.0,0.6731601411795346,1
2004-11,2530.164333333333,6.75,,-1.9405528886735302,0.0,1.6791786702855531,0.0,0.6716714681142213,1
2004-12,2413.2890322580643,6.653225806451613,,-4.619277077599659,-0.09677419354838701,2.836239483031709,0.055872606695743975,1.1512575752214067,2
2005-01,2364.517741935484,6.5,,-2.0209469181130757,-0.153225806451613,1.523884624788737,0.07749212529782887,0.6328014875048436,1
2005-02,2339.6228571428574,6.5,,-1.0528525268010402,0.0,1.844266360224147,0.07749212529782887,0.7609541816790075,1
2005-03,2356.8074193548387,6.5,,0.7345013816870916,0.0,1.397875535562761,0.08846496060161989,0.5856897024055905,1
2005-04,2351.0163333333335,6.5,,-0.24571740456801328,0.0,0.8950726198338466,0.0,0.3580290479335386,0
2005-05,2339.345483870968,6.5,,-0.49641720037810755,0.0,0.6504920973411914,0.0,0.26019683893647655,0
2005-06,2331.4443333333334,6.5,,-0.33775047730703056,0.0,0.12681719330537805,0.0,0.050726877322151226,0
2005-07,2322.7867741935484,6.5,,-0.37133887419079636,0.0,0.08361409081523928,0.0,0.033445636326095714,0
2005-08,2306.767419354839,6.5,,-0.6896610148071414,0.0,0.19420701670099808,0.0,0.07768280668039923,0
2005-09,2295.474666666667,6.3,,-0.4895488202850795,-0.20000000000000018,0.16090756505864956,0.11547005383791283,0.09900404217483366,0
2005-10,2292.7200000000003,6.0,,-0.12000422860980464,-0.2999999999999998,0.28899739032661387,0.15275252316518578,0.1614247130802013,0
2005-11,2279.736,6.0,,-0.566314246833477,0.0,0.23862410059771746,0.15275252316518578,0.14127539718864274,0
2005-12,2278.5393548387096,6.0,,-0.052490514747771666,0.0,0.27921484009651687,0.1732050807568795,0.1636474602656706,0
2006-01,2273.7109677419353,6.0,,-0.21190711876539758,0.0,0.26300598653403895,0.0,0.10520239461361558,0
2006-02,2255.7714285714287,6.0,,-0.7889982247093918,0.0,0.38749008697623144,0.0,0.1549960347904926,0
2006-03,2261.9187096774194,6.0,,0.27251347490839795,0.0,0.531429604080726,0.0,0.21257184163229043,0
2006-04,2335.137666666667,6.0,,3.2370286640269974,0.0,2.0866260607245346,0.0,0.8346504242898138,1
2006-05,2418.6493548387098,6.241935483870968,,3.576306843238619,0.24193548387096797,1.8174391603768008,0.13968151673941448,0.7688801191725447,1
2006-06,2542.2200000000003,6.333333333333333,,5.109076473366314,0.09139784946236507,0.9974179517119084,0.12216650155664846,0.43561713115175793,0
2006-07,2513.698387096774,6.5,,-1.1219175721702501,0.16666666666666696,3.2467414996192185,0.07526881720427954,1.3212772450089714,2
2006-08,2388.983548387097,6.580645161290323,,-4.96140823218324,0.08064516129032295,5.082349153828812,0.046869881113306575,2.047000625865517,2
2006-09,2398.7086666666664,6.75,,0.4070818439137147,0.16935483870967705,2.7658697679591846,0.05045845242040156,1.1214854429097945,2
2006-10,2361.796451612903,7.008064516129032,,-1.5388369403383173,0.25806451612903203,2.7178815236570255,0.08870967741933591,1.113765512688611,2
2006-11,2290.438,7.25,,-3.0213633170704246,0.24193548387096797,1.7194340442175962,0.04725375223449901,0.7019497433573881,1
2006-12,2260.705483870968,7.362903225806452,,-1.2981148640143214,0.11290322580645196,0.9332217320208875,0.079562626811531,0.39715748085181435,0
2007-01,2236.202258064516,7.524193548387097,,-1.0838751876911967,0.16129032258064502,1.0621789021752004,0.06518470781170654,0.44442697321359215,0
2007-02,2227.5696428571428,7.776785714285714,,-0.3860391060889645,0.25259216589861744,0.4769269727278454,0.07093463859021606,0.212051180668203,0
2007-03,2202.844516129032,8.048387096774194,,-1.1099597629817604,0.27160138248847954,0.41063299090755734,0.05897161301082254,0.1819446802662697,0
2007-04,2144.9006666666664,8.25,,-2.6304103189356165,0.20161290322580605,1.145500847637633,0.036190751045685886,0.46905756436875895,0
2007-05,2009.4154838709676,8.57258064516129,,-6.316618056082424,0.32258064516129004,2.677349060657303,0.060732291028076806,1.0891593115713443,2
2007-06,1923.5343333333333,8.85,,-4.2739369347444045,0.2774193548387096,1.8467021679083135,0.06112740089175624,0.7570190874308523,1
2007-07,1951.843548387097,9.016129032258064,,1.4717291271170607,0.1661290322580644,4.038225198110937,0.08052141042781157,1.6394465023727185,2
2007-08,2056.0867741935485,9.25,,5.340757249349881,0.23387096774193594,4.837774994056523,0.05608173758291718,1.9519345188974844,2
2007-09,2113.3696666666665,9.25,,2.786015317645618,0.0,1.9673769821283413,0.1203352641128334,0.8230513720851866,1
2007-10,2001.086129032258,9.25,,-5.3130098063491555,0.0,5.562128890598824,0.13502546618143335,2.26535919609396,2
2007-11,2046.357,9.291666666666666,,2.2623149654050767,0.041666666666666075,4.532365376114123,0.02405626121617111,1.8201630288105008,2
2007-12,2013.8345161290322,9.5,,-1.5892869069750626,0.20833333333333393,3.7878422752317813,0.11023963796101076,1.5482088014810158,2
2008-01,1983.1841935483872,9.5,,-1.5219881442672167,0.0,2.204552718529678,0.11023963796101076,0.9148929788001745,1
2008-02,1905.2941379310344,9.543103448275861,,-3.927525031247303,0.04310344827586121,1.369823246741708,0.1099709052030995,0.580920570257613,1
2008-03,1843.4932258064516,9.75,,-3.243641540391895,0.2068965517241388,1.2395156823045848,0.10915758570816193,0.5285535486342825,1
2008-04,1795.103,9.75,,-2.624920185713342,0.0,0.6515740080001573,0.10915758570816193,0.2933768789125115,0
2008-05,1775.156129032258,9.75,,-1.1111825320186175,0.0,1.0970869930062337,0.11945177983232376,0.47467033115219065,0
2008-06,1732.2863333333332,9.75,,-2.414987335355989,0.0,0.8200996332842655,0.0,0.3280398533137062,0
2008-07,1781.0451612903225,9.78225806451613,,2.814709498005774,0.03225806451612989,2.7222008303787537,0.018624202231842562,1.0944675928210543,2
2008-08,1847.4774193548387,10.0,,3.7299592120610514,0.2177419354838701,3.3153124306909825,0.11751340319565468,1.3613789932350895,2
2008-09,2066.187,10.0,,11.838281667417473,0.0,4.96667947049295,0.11751340319565468,2.0219258091558765,2
2008-10,2288.858064516129,10.0,,10.776907633052058,0.0,4.407018832290334,0.12571336506547004,1.800521542435775,2
2008-11,2333.6603333333333,10.0,,1.9574070368000518,0.0,5.424355400630469,0.0,2.1697421602521874,2
2008-12,2251.5103225806447,9.838709677419354,,-3.520221412657254,-0.1612903225806459,7.213366102212134,0.09312101115960175,2.9132827442327343,2
2009-01,2253.5061290322583,9.5,,0.0886430069450439,-0.3387096774193541,2.7844986032394705,0.16941883071599936,1.1646250905105882,2
2009-02,2512.344285714286,9.017857142857142,,11.486019645004596,-0.48214285714285765,7.83274502020751,0.16072598496196286,3.1813158035715934,2
2009-03,2469.6348387096778,7.774193548387097,,-1.6999838456641103,-1.2436635944700454,7.15273919911791,0.48638607820165464,3.0070115031076603,2
2009-04,2374.6076666666663,7.0,,-3.8478227855200164,-0.774193548387097,8.3027166623506,0.38418952870614465,3.4363435235520834,2
2009-05,2227.3177419354843,6.096774193548387,,-6.2027056847642985,-0.903225806451613,2.2521541370069134,0.24253842833017478,0.9736231833018179,1
2009-06,2089.4603333333334,4.866666666666666,,-6.1893912128745505,-1.2301075268817208,1.3557650634911058,0.235003027838424,0.6128069337479696,1
2009-07,2049.239677419355,4.5,,-1.9249303407360863,-0.36666666666666625,2.465940175644209,0.4359429413594957,1.1171589526655323,2
2009-08,2017.618064516129,4.5,,-1.5430900178083462,0.0,2.5793908634109397,0.631550880930482,1.2212216096435204,2
2009-09,1978.033,4.45,,-1.9619701673132317,-0.04999999999999982,0.23188882415773646,0.1988392240908064,0.1524072968903365,0
2009-10,1901.400322580645,4.0,,-3.8741859928198785,-0.4500000000000002,1.242714662052539,0.24664414311580649,0.5710791077557577,1
2009-11,1976.8793333333333,3.8833333333333333,,3.96965383124821,-0.1166666666666667,4.089958349609942,0.2143033502442813,1.7002743449172613,2
2009-12,2018.0125806451613,3.5,,2.0807161377154326,-0.3833333333333333,4.09379140040011,0.17638342073763183,1.6904315863813337,2
2010-01,1983.4267741935485,3.5,,-1.7138548482465654,0.0,2.894509903462241,0.19649710204251897,1.216753091997652,2
2010-02,1951.7239285714284,3.5,,-1.5983874995844194,0.0,2.1582363652646497,0.2213176031893496,0.9296898270626648,1
2010-03,1908.991935483871,3.5,,-2.189448643939884,0.0,0.3132824719737065,0.0,0.1253129887894826,0
2010-04,1937.449,3.5,,1.4906854233994515,0.0,1.9763228292914086,0.0,0.7905291317165635,1
2010-05,1983.5932258064515,3.032258064516129,,2.381700153472499,-0.467741935483871,2.423244908893972,0.2700509323628839,1.0503132432664541,2
2010-06,1926.846,3.0,,-2.860829784462504,-0.032258064516129004,2.8051652358820074,0.261237217489378,1.2004372595996162,2
2010-07,1874.4112903225807,3.0,,-2.721271428926819,0.0,2.9873041262292976,0.261237217489378,1.2732928157385324,2
2010-08,1821.2006451612904,3.0,,-2.838792395031564,0.0,0.0750259495184186,0.018624202231833992,0.03559764047691764,0
2010-09,1805.7723333333333,3.0,,-0.8471505799730661,0.0,1.1174955073322623,0.0,0.44699820293290493,0
2010-10,1808.6070967741935,3.0,,0.15698343520567093,0.0,1.524772937465444,0.0,0.6099091749861776,1
2010-11,1862.994,3.0,,3.007115438328767,0.0,1.999454262855311,0.0,0.7997817051421244,1
2010-12,1922.3312903225806,3.0,,3.1850499960053957,0.0,1.6992204211870947,0.0,0.6796881684748379,1
2011-01,1867.0767741935483,3.0,,-2.8743493073850046,0.0,3.4481784606711203,0.0,1.3792713842684483,2
2011-02,1882.3714285714286,3.0089285714285716,,0.8191765110723281,0.008928571428571619,3.0538448507918736,0.0051549131174388075,1.223084414251981,2
2011-03,1881.8148387096776,3.3306451612903225,,-0.029568546000158236,0.3217165898617509,1.9345662185556882,0.18322009899542613,0.8287925171209032,1
2011-04,1809.8339999999998,3.5,,-3.825075519068266,0.1693548387096775,2.4730318192446332,0.15641133533262427,1.0361361282976405,2
2011-05,1800.5087096774193,3.75,,-0.5152566656710267,0.25,2.0654566474310125,0.07622446513974786,0.8490499985143294,1
2011-06,1783.1593333333333,4.091666666666667,,-0.9635819172012949,0.3416666666666668,1.7955520045837796,0.08621464093680734,0.7440851941145541,1
2011-07,1761.593870967742,4.25,,-1.2093962643976441,0.15833333333333321,0.3519588060572533,0.09166666666664562,0.16828352242289504,0
2011-08,1785.56,4.5,,1.3604798147425434,0.25,1.4180944191243756,0.09166666666664562,0.594737767649744,1
2011-09,1833.3196666666665,4.5,,2.6747724336716017,0.0,1.9756178200489254,0.12647280486478787,0.8281889694790066,1
2011-10,1907.6090322580644,4.5,,4.052177421217018,0.0,1.3459721141605396,0.14433756729739416,0.5816901158534341,1
2011-11,1919.475,4.525,,0.6220335268537491,0.025000000000000355,1.7261164819383954,0.014433756729623203,0.6947767197942452,1
2011-12,1933.3512903225806,4.75,,0.722921128047016,0.22499999999999964,1.9519226807485717,0.12332207155789152,0.8177656937667962,1
2012-01,1853.282258064516,4.758064516129032,,-4.141463202204965,0.008064516129032029,2.779787591052852,0.12065640940031123,1.148111959241234,2
2012-02,1782.7548275862068,5.025862068965517,,-3.805541771708587,0.2677975528364849,2.7166785589002655,0.13925628953382763,1.1284483104202545,2
2012-03,1766.3316129032257,5.25,,-0.9212267681932285,0.2241379310344831,1.7702183922662873,0.1390773966550339,0.7498105759030251,1
2012-04,1774.249,5.25,,0.4482389965132727,0.0,2.171380526466247,0.14367759278415695,0.9116554884217459,1
2012-05,1793.2767741935484,5.25,,1.0724410267977325,0.0,1.0197855928329944,0.12940609481835097,0.4467360655787031,0
2012-06,1792.5466666666666,5.25,,-0.04071359967342536,0.0,0.5579450448390997,0.0,0.22317801793563988,0
2012-07,1783.820322580645,5.233870967741935,,-0.4868126586767496,-0.016129032258064946,0.8030555863433403,0.009312101115781266,0.3240158648720705,0
2012-08,1805.5232258064516,4.959677419354839,,1.2166529863506081,-0.2741935483870961,0.8833431105636684,0.15386116151885135,0.39949559268112284,0
2012-09,1802.7463333333333,4.75,,-0.15379987548362895,-0.20967741935483897,0.9028504641844147,0.13430103222360965,0.40143049534084885,0
2012-10,1804.4009677419356,4.75,,0.09178409507801799,0.0,0.7307282390030775,0.1433579744728212,0.3352986879430774,0
2012-11,1821.0136666666667,4.708333333333333,,0.920676680057464,-0.04166666666666696,0.5630089212493459,0.11100175998397725,0.25850409649493156,0
2012-12,1792.4948387096772,4.435483870967742,,-1.5660963165198383,-0.27284946236559104,1.2662062965870242,0.1469855011282035,0.5505781689732708,1
2013-01,1769.6725806451611,4.225806451612903,,-1.2732119262861885,-0.20967741935483897,1.3591031613772002,0.11948765979809431,0.5794875624903084,1
2013-02,1790.5478571428573,3.9642857142857144,,1.1796123602754616,-0.2615207373271886,1.5078154387843203,0.03368178698622586,0.613230711609596,1
2013-03,1813.7487096774194,3.653225806451613,,1.2957404317348598,-0.3110599078341014,1.450824416639805,0.05069560796743287,0.5955384490461519,1
2013-04,1830.2313333333334,3.25,,0.9087600486202607,-0.403225806451613,0.19857849859493587,0.07191315236453398,0.10100534514733454,0
2013-05,1847.9212903225805,3.25,,0.9665421341590097,0.0,0.20875188839525605,0.21128332877847122,0.14688575399164377,0
2013-06,1909.8493333333333,3.25,,3.3512273133636805,0.0,1.3937783487503062,0.232802527899036,0.6273520978698333,1
2013-07,1901.5425806451613,3.25,,-0.43494282733151923,0.0,1.9142434465298286,0.0,0.7656973786119314,1
2013-08,1902.1041935483872,3.25,,0.029534595172475697,0.0,2.0649643307812156,0.0,0.8259857323124863,1
2013-09,1919.5123333333333,3.25,,0.9152043218237704,0.0,0.6859357920746697,0.0,0.2743743168298679,0
2013-10,1885.1312903225805,3.25,,-1.7911342591401036,0.0,1.3798257412069557,0.0,0.5519302964827822,1
2013-11,1921.7530000000002,3.25,,1.9426609629482616,0.0,1.9287803756387187,0.0,0.7715121502554876,1
2013-12,1932.956129032258,3.25,,0.582964045444867,0.0,1.889724196269185,0.0,0.7558896785076741,1
2014-01,1957.2870967741935,3.25,,1.2587439195589356,0.0,0.6798525168451621,0.0,0.27194100673806487,0
2014-02,2038.4925,3.25,,4.148875418411602,0.0,1.8940812389639579,0.0,0.7576324955855832,1
2014-03,2019.7132258064516,3.25,,-0.9212334209494744,0.0,2.5433299998478947,0.0,1.017331999939158,2
2014-04,1938.3603333333333,3.275,,-4.027942751161362,0.02499999999999991,4.127509375794952,0.014433756729622204,1.6553338773368678,2
2014-05,1915.3609677419356,3.5,,-1.1865371569921956,0.2250000000000001,1.722189240732059,0.12332207155789175,0.7258723177601911,1
2014-06,1887.0393333333334,3.7916666666666665,,-1.4786578031811604,0.2916666666666665,1.5629978656684111,0.13877773329772855,0.666832466256683,1
2014-07,1857.6441935483872,4.0,,-1.5577385837009294,0.20833333333333348,0.1955243978672141,0.044095855184365325,0.09143851570219524,0
2014-08,1898.1251612903225,4.25,,2.179156152858863,0.25,2.135034698351021,0.04166666666661936,0.8665138793403944,1
2014-09,1973.7166666666667,4.5,,3.9824299744785074,0.25,2.8257638023758873,0.02405626121615327,1.137522399315201,2
2014-10,2048.5674193548384,4.5,,3.7923757726879836,0.0,0.9908241197069694,0.14433756729739347,0.4396309180720058,0
2014-11,2128.683666666667,4.5,,3.910842599315556,0.0,0.09598588517081369,0.1443375672973941,0.0816956242575437,0
2014-12,2342.253548387097,4.5,,10.032955345350203,0.0,3.5692934003548484,0.0,1.4277173601419395,2
2015-01,2397.2580645161293,4.5,,2.3483587490734648,0.0,4.06149900703618,0.0,1.624599602814472,2
2015-02,2420.6725,4.5,,0.9767173518132166,0.0,4.881083752026266,0.0,1.9524335008105067,2
2015-03,2585.362258064516,4.5,,6.80347126943095,0.0,3.0463226166477515,0.0,1.2185290466591008,2
2015-04,2505.248,4.5,,-3.098763347945366,0.0,4.976860700082335,0.0,1.990744280032934,2
2015-05,2437.5351612903223,4.5,,-2.7028397471898113,0.0,5.6062607125118955,0.0,2.2425042850047583,2
2015-06,2562.4776666666667,4.5,,5.125772434404818,0.0,4.638370996779752,0.0,1.855348398711901,2
2015-07,2732.035806451613,4.5,,6.616960685769091,0.0,5.006154399020595,0.0,2.002461759608238,2
2015-08,3012.5874193548384,4.5,,10.268958124220484,0.0,2.6461634722552234,0.0,1.0584653889020894,2
2015-09,3066.4080000000004,4.525,,1.786523448228694,0.025000000000000355,4.254838563892883,0.014433756729623276,1.7062655525760402,2
2015-10,2929.472258064516,4.75,,-4.4656726024548625,0.22499999999999964,7.395392666385113,0.12332207155789146,2.995153688021413,2
2015-11,3001.376333333333,5.225,,2.454506099891307,0.47499999999999964,3.817176739238718,0.2254624876411357,1.594509441987828,2
2015-12,3244.201612903226,5.588709677419355,,8.090464260448481,0.36370967741935534,6.289004565905969,0.12525035629347897,2.5531769332504313,2
2016-01,3270.1951612903226,5.75,,0.801230980334644,0.16129032258064502,3.821654633367053,0.15904553479006905,1.576375513783842,2
2016-02,3354.956896551724,6.068965517241379,,2.59194730225083,0.318965517241379,3.7985364615222372,0.10633053974488269,1.5513137465323596,2
2016-03,3128.7890322580647,6.330645161290323,-5.87,-6.74130462081698,0.26167964404894395,4.953216121869133,0.07981348480839773,2.0052310811901726,2
2016-04,2997.727,6.5,,-4.188906024241479,0.16935483870967705,4.823627644049851,0.07548608710555645,1.9520968837516073,2
2016-05,2993.508387096774,6.991935483870968,,-0.14072705430566712,0.49193548387096797,3.328415934043393,0.1661324241309371,1.3812061008566385,2
2016-06,2992.8586666666665,7.316666666666666,-4.72,-0.02170431300303477,0.32473118279569846,2.3723226834941915,0.16132645951210087,0.9973274832513068,2
2016-07,2960.999677419355,7.5,,-1.0645002920500302,0.18333333333333357,0.5708103686334262,0.1544808064923056,0.2746683894010622,0
2016-08,2952.7667741935484,7.75,,-0.2780447187681556,0.25,0.5433915448812549,0.07073724379590345,0.23857779109127297,0
2016-09,2924.2653333333333,7.75,-2.28,-0.9652452441997972,0.0,0.42829283117657874,0.1294575577525529,0.21015462779639738,0
2016-10,2929.3887096774192,7.75,,0.17520217080457812,0.0,0.5742092550413905,0.14433756729739408,0.27298497220577445,0
2016-11,3110.2586666666666,7.75,,6.17432423330273,0.0,3.835438657034073,0.0,1.5341754628136293,2
2016-12,3009.863870967742,7.645161290322581,-0.25,-3.2278600096795174,-0.10483870967741904,4.76045106868346,0.060528657253723625,1.9223390496495012,2
2017-01,2941.3993548387098,7.5,,-2.274671515526694,-0.14516129032258096,5.175183829393675,0.07493204228366883,2.092553144442571,2
2017-02,2879.5667857142857,7.482142857142857,,-2.1021480480951094,-0.017857142857143238,0.6062947677840986,0.06506157268090808,0.26203637891791187,0
2017-03,2942.286129032258,7.209677419354839,-2.78,2.1780826070479486,-0.2724654377880178,2.522470947442425,0.12730414746542526,1.0471799012165974,2
2017-04,2877.8216666666663,7.0,,-2.1909651046342904,-0.20967741935483897,2.497226489451665,0.13264158321205732,1.0386830707442831,2
2017-05,2923.6129032258063,6.5,,1.5911770034096495,-0.5,2.371273744213467,0.15275334862244078,0.994335502272119,2
2017-06,2957.0983333333334,6.25,-1.48,1.145344175714258,-0.25,2.066975465498232,0.1572752954441857,0.8739729228325487,1
2017-07,3036.5838709677423,5.766129032258065,,2.687957202451585,-0.48387096774193505,0.7938669772618321,0.1399141255878738,0.359521028581095,0
2017-08,2973.2048387096775,5.5,,-2.087182009494981,-0.26612903225806495,2.4368981301986063,0.13061860874468129,1.013944834702847,2
2017-09,2917.085,5.25,-3.45,-1.8875200920913549,-0.25,2.7011359291851327,0.13061860874468129,1.1196402992974575,2
2017-10,2953.7558064516134,5.233870967741935,,1.2571044879259086,-0.016129032258064946,1.8758456229721112,0.13991412558787197,0.7923124868652061,1
2017-11,3013.4666666666667,4.966666666666667,,2.0215232445631504,-0.26720430107526827,2.0717794120268764,0.1402559613347745,0.870788553211183,1
2017-12,2991.7619354838707,4.75,-2.26,-0.7202578818236827,-0.21666666666666679,1.4149005690513852,0.13279569892471932,0.6057991632979699,1
2018-01,2868.5722580645165,4.733870967741935,,-4.117629680298418,-0.016129032258064946,3.0754050550813328,0.13279569892471932,1.2700007317099489,2
2018-02,2860.252857142857,4.5,,-0.2900188725687758,-0.23387096774193505,2.096737355893871,0.12105293694490989,0.8750108234410213,1
2018-03,2847.9306451612906,4.5,0.33,-0.4308084843196447,0.0,2.1703715788371403,0.13061860874467912,0.9073342471582598,1
2018-04,2766.2850000000003,4.491666666666666,,-2.866841062299341,-0.008333333333333748,1.448797721862467,0.13268527834164706,0.6193246722474809,1
2018-05,2861.825806451613,4.25,,3.4537586131440756,-0.24166666666666625,3.1878440079174615,0.13718398027627393,1.316292797249867,2
2018-06,2889.689,4.25,-5.88,0.9736159861852167,0.0,3.1846035349403796,0.13718398027627393,1.3149971960590343,2
2018-07,2885.3219354838707,4.25,,-0.1511257618425077,0.0,1.8444214452793082,0.1395263150541477,0.7796264726279677,1
2018-08,2958.6667741935485,4.25,,2.5419984441832355,0.0,1.3526385032837474,0.0,0.5410554013134989,1
2018-09,3033.7679999999996,4.25,-0.73,2.5383468818289456,0.0,1.5538229427258083,0.0,0.6215292500903234,1
2018-10,3084.830967741935,4.25,,1.6831533506166396,0.0,0.4948036992044452,0.0,0.1979214796817781,0
2018-11,3194.0343333333335,4.25,,3.540011324229342,0.0,0.92939130305501,0.0,0.37175652122200403,0
2018-12,3218.5509677419354,4.25,-2.79,0.7675757944347383,0.0,1.412598230355479,0.0,0.5650395711421916,1
2019-01,3165.188064516129,4.25,,-1.6579791266516652,0.0,2.6009235593510533,0.0,1.0403694237404213,2
2019-02,3115.8385714285714,4.25,,-1.5591330461781516,0.0,1.3727503567545025,0.0,0.5491001427018011,1
2019-03,3128.684193548387,4.25,-4.37,0.41226853783782325,0.0,1.1677699648910536,0.0,0.46710842295642147,0
2019-04,3155.765,4.25,,0.8655653551565168,0.0,1.2891253202260111,0.0,0.5156501280904044,1
2019-05,3304.4945161290325,4.25,,4.712946500421689,0.0,2.3630365570379888,0.0,0.9452146228151955,1
2019-06,3260.517,4.25,-1.96,-1.330839434424269,0.0,3.059245116660786,0.0,1.2236982426643146,2
2019-07,3206.6003225806453,4.25,,-1.6536235639732721,0.0,3.586194649982546,0.0,1.4344778599930184,2
2019-08,3410.7290322580648,4.25,,6.365891883686281,0.0,4.539759365735932,0.0,1.815903746294373,2
2019-09,3399.4570000000003,4.25,-5.17,-0.33048747500770137,0.0,4.299318039734445,0.0,1.719727732893778,2
2019-10,3433.311612903226,4.25,,0.9958829572848105,0.0,3.5458367820312438,0.0,1.4183347128124977,2
2019-11,3401.473,4.25,,-0.9273441065928534,0.0,0.9844032626891746,0.0,0.39376130507566987,0
2019-12,3378.0506451612905,4.25,-0.5,-0.6885944659478227,0.0,1.0482738127925784,0.0,0.4193095751170313,0
2020-01,3311.1893548387097,4.25,,-1.9792862021874247,0.0,0.6867154579820901,0.0,0.27468618319283605,0
2020-02,3411.0527586206895,4.25,,3.015937570469873,0.0,2.5929938714981855,0.0,1.0371975485992742,2
2020-03,3877.048387096774,4.217741935483871,5.81,13.66134332863609,-0.032258064516129004,7.988598296065332,0.01862420223183212,3.2010271600956828,2
2020-04,3977.3933333333334,3.75,,2.5881788468391953,-0.467741935483871,6.273258230013181,0.2612372174893779,2.587674457252086,2
2020-05,3858.191612903226,3.2983870967741935,,-2.9969809480775655,-0.4516129032258065,8.478489933195949,0.2469024194237587,3.4654666991055074,2
2020-06,3701.6043333333337,2.75,0.45,-4.058566688243436,-0.5483870967741935,3.57071889182508,0.05184758473649865,1.4438418771509816,2
2020-07,3657.8667741935483,2.5,,-1.181583853950141,-0.25,1.4548574455886414,0.15223220575018281,0.6276126399605114,1
2020-08,3783.025806451613,2.2661290322580645,,3.4216399881228154,-0.2338709677419355,3.7731549992502185,0.17711361731213365,1.5623960848937277,2
2020-09,3750.2153333333335,1.975,2.46,-0.8673076737230834,-0.2911290322580644,2.5717539833007756,0.02952464769245802,1.0375592336280477,2
2020-10,3833.7883870967744,1.75,,2.2284868023606963,-0.2250000000000001,2.2136933696463963,0.0358938920713596,0.8962455154799664,1
2020-11,3685.6266666666666,1.75,,-3.864629590114299,0.0,3.046690813567991,0.15261834879358757,1.2644618300652728,2
2020-12,3466.1270967741934,1.75,-4.15,-5.955556266120454,0.0,4.25199174276864,0.12990381056765324,1.7397682552777518,2
2021-01,3491.3216129032257,1.75,,0.7268780233846694,0.0,3.4183047592534117,0.0,1.3673219037013649,2
2021-02,3554.5042857142857,1.75,,1.8097064612308866,0.0,4.205685649295772,0.0,1.6822742597183087,2
2021-03,3612.7683870967744,1.75,-0.23,1.6391625019740452,0.0,0.5822178340510387,0.0,0.23288715662041545,0
2021-04,3650.776,1.75,,1.0520356920463492,0.0,0.3974644905421288,0.0,0.15898579621685152,0
2021-05,3735.6661290322577,1.75,,2.3252626025879852,0.0,0.6372542669826601,0.0,0.25490170679306406,0
2021-06,3685.0426666666667,1.75,-3.84,-1.355138832460523,0.0,1.8690884890889718,0.0,0.7476357796355888,1
2021-07,3829.418064516129,1.75,,3.9178758812054237,0.0,2.7045164678389733,0.0,1.0818065871355893,2
2021-08,3881.183548387097,1.75,,1.351784605359052,0.0,2.6368207847307743,0.0,1.0547283138923098,2
2021-09,3821.5376666666666,1.75,-1.01,-1.5367962111768052,0.0,2.7289244280805116,0.0,1.0915698722322047,2
2021-10,3773.3841935483874,2.0,,-1.2600549129293537,0.25,1.5938522803315072,0.1443375672973938,0.680842182321821,1
2021-11,3902.901,2.4833333333333334,,3.432377934721198,0.4833333333333334,2.7924960002396504,0.24171455464229274,1.1895127664885479,2
2021-12,3963.1335483870967,2.693548387096774,0.47,1.543276357435075,0.21021505376344063,2.3610130950652573,0.14754710040451682,0.988669415147458,1
2022-01,3999.6161290322584,3.032258064516129,,0.9205488586174315,0.338709677419355,1.3080379463563476,0.13663849188862834,0.5642067261091276,1
2022-02,3935.835714285714,4.0,,-1.5946634049097241,0.967741935483871,1.6613623034769585,0.4053885844724109,0.7861614967325068,1
2022-03,3807.170967741936,4.0,-4.1,-3.269057854136792,0.0,2.1088185440255063,0.49107539831090935,0.9908504471034754,1
2022-04,3792.9820000000004,5.0,,-0.3726905847454165,1.0,1.4540608483384543,0.5682671080311273,0.75210447174472,1
2022-05,4019.07935483871,5.967741935483871,,5.960939304186241,0.967741935483871,4.720463580197417,0.5682671080311273,2.058665564488305,2
2022-06,3930.766666666667,6.0,-3.04,-2.197336264727401,0.032258064516129004,4.2817764943571905,0.549650663188471,1.8776061006994176,2
2022-07,4367.8058064516135,7.5,,11.118419810849801,1.5,6.713995647144089,0.7430449862178774,2.908511754722999,2
2022-08,4322.4693548387095,9.0,,-1.0379685732808563,1.5,7.375988881206233,0.8474012015525118,3.2046159129482468,2
2022-09,4433.651,9.033333333333333,-3.23,2.572178910576439,0.033333333333333215,6.242985088968964,0.8467803948114477,2.7512284770310202,2
2022-10,4711.830322580645,10.03225806451613,,6.274271984435509,0.9989247311827967,3.656216622790751,0.7454924864066026,1.6861343950382812,2
2022-11,4926.660666666667,11.0,,4.559382010351354,0.9677419354838701,1.852714985747691,0.5487043147454088,0.9056972887226991,1
2022-12,4788.49064516129,11.419354838709678,-5.63,-2.8045370049579965,0.41935483870967794,4.823431067078378,0.32598620495283187,2.027168851317201,2
2023-01,4715.203870967742,12.048387096774194,,-1.5304775476089327,0.629032258064516,3.935668520098703,0.27671202650445836,1.6572810159908187,2
2023-02,4803.1125,12.75,,1.8643653898726686,0.701612903225806,2.413394416013985,0.1465731815076775,1.0093297208578973,2
2023-03,4766.3058064516135,12.758064516129032,-2.82,-0.7663092119617576,0.008064516129032029,1.7808874508753225,0.3811994779248333,0.826715105727579,1
2023-04,4542.674333333333,13.0,,-4.691924567986705,0.24193548387096797,3.2993899131941387,0.3528475413597647,1.425610227685585,2
2023-05,4540.089032258064,13.241935483870968,,-0.05691143334441984,0.24193548387096797,2.4965659043999064,0.1350254661814311,1.039134001614392,2
2023-06,4209.268,13.25,-6.32,-7.286663981863084,0.008064516129032029,3.66254331708269,0.1350254661814311,1.5055255986875054,2
2023-07,4069.233548387097,13.25,,-3.3268124437052515,0.0,3.6203590690846794,0.13741266579710618,1.4893674273730038,2
2023-08,4070.7251612903224,13.25,,0.03665586861723025,0.0,3.6657049555005483,0.004656050557621541,1.4676787973675058,2
2023-09,4004.5206666666663,13.25,-2.56,-1.626356287897135,0.0,1.6817688930873687,0.0,0.6727078132349474,1
2023-10,4222.433225806451,13.25,,5.441663991240531,0.0,3.695416821429839,0.0,1.4781667285719358,2
2023-11,4038.8046666666664,13.25,,-4.348880120057164,0.0,5.053444381116815,0.0,2.021377752446726,2
2023-12,3948.2067741935484,13.153225806451612,-1.78,-2.2431857925897414,-0.0967741935483879,5.153406944213875,0.05587260669574156,2.0781247376942726,2
2024-01,3915.1987096774196,13.0,,-0.8360267433782265,-0.1532258064516121,1.7679641793388197,0.0774921252978267,0.7304333093248759,1
2024-02,3931.438620689655,12.75,,0.414791488669386,-0.25,1.3297547434953505,0.07749212529782808,0.5551495349874886,1
2024-03,3899.341290322581,12.653225806451612,-0.92,-0.8164271012183311,-0.0967741935483879,0.716569328081224,0.07749212529782808,0.30987546082183803,0
2024-04,3867.9753333333333,12.25,,-0.8043911690185146,-0.4032258064516121,0.7073955084858824,0.15322580645160327,0.32892594532983394,0
2024-05,3869.1006451612902,11.766129032258064,,0.02909304561120596,-0.48387096774193594,0.484724168711021,0.20423032164754804,0.2551587639786728,0
2024-06,4042.797,11.75,-1.0,4.489321182583739,-0.016129032258064058,2.846393081058453,0.2500433538544787,1.213570338579725,2
2024-07,4036.921935483871,11.266129032258064,,-0.14532177886075193,-0.48387096774193594,2.6269110803661886,0.27005093236288535,1.1317797118553412,2
2024-08,4065.546451612903,10.75,,0.7090678637460712,-0.5161290322580641,2.466448600587624,0.2798282511757615,1.070527915587778,2
2024-09,4182.512333333333,10.75,-2.05,2.87700271322755,0.0,1.5580098688426665,0.2891253690268506,0.7099417632451218,1
2024-10,4249.47,10.25,,1.6008958570913334,-0.5,1.0896289421624445,0.29344202255903196,0.5238841836326874,1
2024-11,4408.652333333333,9.75,,3.7459338066472503,-0.5,1.0789406655314209,0.2886751345948086,0.518178806591011,1
2024-12,4385.148709677419,9.67741935483871,-2.63,-0.5331249070879562,-0.07258064516129004,2.1395317206722493,0.2467706795729804,0.9298441551407939,1
2025-01,4307.567419354838,9.5,,-1.7691826539740663,-0.17741935483870996,2.8940943259059635,0.22276173091827037,1.2244662496378667,2
2025-02,4127.953928571429,9.5,,-4.169719781433178,0.0,1.8491096746840496,0.08919709689803161,0.7664029989430293,1
2025-03,4137.684516129032,9.5,2.28,0.23572422866091625,0.0,2.205680810786126,0.10243311227556362,0.9130024859971194,1
2025-04,4280.258,9.5,,3.4457311405740265,0.0,3.8233313145759924,0.0,1.5293325258303971,2
2025-05,4203.377096774194,9.258064516129032,,-1.796174511578641,-0.24193548387096797,2.6429255170229804,0.13968151673941467,1.0990746618310165,2
2025-06,4113.485,9.25,,-2.1385684582803766,-0.008064516129032029,3.1299417058089536,0.13741266579710787,1.2932004820627139,2
2025-07,4040.8483870967743,9.25,,-1.7658168901363513,0.0,0.20700198528500466,0.13741266579710787,0.12402459385313423,0
2025-08,4047.4116129032254,9.25,,0.16242197622184928,0.0,1.235017262832052,0.004656050557629785,0.49540372030010976,0
2025-09,3922.212,9.25,,-3.0933254355471673,0.0,1.6370845667992577,0.0,0.6548338267197031,1
2025-10,3877.8448387096773,9.25,,-1.131177031999353,0.0,1.6392740243197537,0.0,0.6557096097279015,1
2025-11,3786.1833333333334,9.25,,-2.363722871563978,0.0,0.9917590017694412,0.0,0.3967036007077765,0
2025-12,3791.471935483871,9.25,,0.13968161826654057,0.0,1.251751106469614,0.0,0.5007004425878456,0
2026-01,3702.9990322580647,9.25,,-2.33347113551865,0.0,1.4366879590916017,0.0,0.5746751836366407,1
2026-02,3675.6414285714286,10.214285714285714,,-0.7387958637935066,0.9642857142857135,1.2537408326214254,0.5567306167185637,0.6685155180641393,1
2026-03,3717.5574193548387,10.25,,1.1403721390663701,0.035714285714286476,1.7388621136442308,0.5467125001526164,0.8595585955034772,1
2026-04,3646.868125,11.25,,-1.9014983867312152,1.0,1.5349335401212134,0.5467125001526156,0.7779871660942701,1
